district,area_sq_km,population_2023,population_density,urban_proportion,avg_household_size,annual_growth_rate
ABBOTTABAD,1967.0,1419072.0,721.4397559735637,23.41776879538177,5.9,1.0500690078825983
BAJAUR,1290.0,1287960.0,998.4186046511627,0.0,7.0,2.8126912941262248
BANNU,1972.0,1357890.0,688.5851926977688,3.564206231727165,7.4,1.9432410230096056
BATAGRAM,1301.0,554133.0,425.92851652574944,0.0,6.4,2.5456426072006053
BUNER,1865.0,1016869.0,545.2380697050938,0.0,8.5,2.1476454380741075
CHARSADDA,996.0,1835504.0,1842.875502008032,15.93164602201902,6.9,2.2047272843332735
DERA ISMAIL KHAN,9334.0,1829811.0,196.03717591600602,20.480639803783014,6.7,1.3012571876490426
HANGU,1097.0,528902.0,482.1349134001823,16.208484747647013,8.6,0.3224571514472814
HARIPUR,1725.0,1174783.0,681.0336231884057,12.578067609081847,6.1,2.7026593275438557
KARAK,3371.0,815878.0,242.0284781963809,7.116872865796113,8.4,2.4623714609545857
KHYBER,2576.0,1146267.0,444.9794254658385,8.262211160227068,6.8,2.579502267048568
KOHAT,2991.0,1234661.0,412.7920427950518,22.57631851982042,7.2,1.7753270627098348
KOLAI PALAS KOHISTAN,1410.0,280162.0,198.6964539007092,0.0,6.9,0.3159762766505594
KURRAM,3380.0,785434.0,232.37692307692308,5.789283377088336,8.3,4.162262043994929
LAKKI MARWAT,3296.0,1040856.0,315.79368932038835,9.904251884986973,7.8,2.419186311950014
LOWER CHITRAL,6458.0,320407.0,49.61396717249922,17.838873682535027,6.9,2.380861765393476
LOWER DIR,1583.0,1650183.0,1042.4403032217308,2.900284392700689,8.1,2.3496545350676143
LOWER KOHISTAN,642.0,340017.0,529.6214953271028,0.0,6.4,9.04724533205126
MALAKAND,952.0,826250.0,867.9096638655461,8.898638426626324,7.3,2.3792579540983922
MANSEHRA,4125.0,1797177.0,435.6792727272727,8.615400709000838,6.1,2.4402979280451826
MARDAN,1632.0,2744898.0,1681.922794117647,16.51580495887279,6.8,2.460096120052782
MOHMAND,2296.0,553933.0,241.26001742160278,0.0,8.6,2.6261232575994597
NORTH WAZIRISTAN,4707.0,693332.0,147.2980667091566,0.595818453497026,6.9,4.247940116376242
NOWSHERA,1748.0,1740705.0,995.8266590389015,19.644856538011894,6.7,2.2805369393874173
ORAKZAI,1538.0,387561.0,251.99024707412224,0.0,7.4,7.295544320376138
PESHAWAR,1518.0,4758762.0,3134.889328063241,40.05190845854447,6.8,1.5828164868162418
SHANGLA,1586.0,891252.0,561.9495586380832,0.0,7.0,2.7070155192011356
SOUTH WAZIRISTAN,6620.0,888675.0,134.24093655589124,0.0,4.9,4.6979015739331516
SWABI,1543.0,1894600.0,1227.8677900194425,17.928322601076744,6.7,2.5934997226892733
SWAT,5337.0,2687384.0,503.5383174067828,29.559154925384686,7.0,2.5713862833458734
TANK,2900.0,470293.0,162.17,10.455609588065313,6.6,1.6252873495409688
TORGHAR,454.0,200445.0,441.5088105726872,0.0,6.8,2.6557759670620555
UPPER CHITRAL,8392.0,195528.0,23.299332697807436,0.0,7.4,2.4366090157078304
UPPER DIR,3699.0,1083566.0,292.93484725601513,4.415236358468243,7.2,2.269679895455596
UPPER KOHISTAN,5440.0,422947.0,77.74761029411765,0.0,5.9,5.4841580764066995
